tempo;L(t);W_wait_avg_s;p_util;OperatorsBusyAvg;Arrivals;Blocked;Served;MaxOperatorsBusy;CarriedErlangs
0;0;0;0.196977;1.37884;4;0;4;4;1.37884
60;0;0;0.544156;3.80909;5;0;5;6;3.80909
120;0;0;0.60379;4.22653;3;0;3;6;4.22653
180;0;0;0.736553;5.15587;2;0;2;6;5.15587
240;0;0;0.669628;4.6874;6;0;6;7;4.6874
300;8.09269;69.3659;1;7;7;0;7;7;7
360;4.48564;89.7128;1;7;3;0;3;7;7
420;1.92419;57.7257;1;7;2;0;2;7;7
480;4.06122;60.9182;1;7;4;0;4;7;7
540;9.92252;119.07;1;7;5;0;5;7;7
600;7.83605;94.0326;1;7;5;0;5;7;7
660;5.35086;107.017;1;7;3;0;3;7;7
720;1.53907;92.344;1;7;1;0;1;7;7
780;7.48533;89.8239;1;7;5;0;5;7;7
840;4.64505;69.6757;1;7;4;0;4;7;7
900;0.967645;29.0293;1;7;2;0;2;7;7
960;3.32649;39.9178;1;7;5;0;5;7;7
1020;0.482625;14.4787;0.889375;6.22563;2;0;2;7;6.22563
1080;0.265118;3.18141;0.891151;6.23806;5;0;5;7;6.23806
1140;0.476269;14.2881;0.911436;6.38005;2;0;2;7;6.38005
1200;0.785983;6.737;0.747641;5.23349;7;0;7;7;5.23349
1260;15.987;119.902;1;7;8;0;8;7;7
1320;9.95584;149.338;1;7;4;0;4;7;7
1380;6.9166;138.332;1;7;3;0;3;7;7
1440;7.35099;110.265;1;7;4;0;4;7;7
1500;9.88444;118.613;1;7;5;0;5;7;7
1560;8.52737;127.911;1;7;4;0;4;7;7
1620;19.7593;237.111;1;7;5;0;5;7;7
1680;18.4331;221.197;1;7;5;0;5;7;7
1740;10.3335;206.669;1;7;3;0;3;7;7
1800;11.6651;174.977;1;7;4;0;4;7;7
1860;9.94701;149.205;1;7;4;0;4;7;7
1920;3.02754;90.8263;1;7;2;0;2;7;7
1980;4.10436;82.0872;1;7;3;0;3;7;7
2040;3.70051;74.0102;1;7;3;0;3;7;7
2100;12.6888;126.888;1;7;6;0;6;7;7
2160;13.0492;156.591;1;7;5;0;5;7;7
2220;1.85432;111.259;1;7;1;0;1;7;7
2280;11.2004;96.0031;1;7;7;0;7;7;7
2340;2.6685;80.055;1;7;2;0;2;7;7
2400;6.27102;94.0654;1;7;4;0;4;7;7
2460;6.82633;136.527;1;7;3;0;3;7;7
2520;5.52703;110.541;1;7;3;0;3;7;7
2580;2.83744;56.7488;1;7;3;0;3;7;7
2640;2.59957;38.9936;1;7;4;0;4;7;7
2700;0.82551;49.5306;1;7;1;0;1;7;7
2760;2.03401;24.4081;1;7;5;0;5;7;7
2820;0.570917;11.4183;1;7;3;0;3;7;7
2880;2.85373;42.806;1;7;4;0;4;7;7
2940;2.08553;41.7105;1;7;3;0;3;7;7
3000;4.16832;50.0199;1;7;5;0;5;7;7
3060;1.05064;31.5191;1;7;2;0;2;7;7
3120;0.342216;5.13323;0.975053;6.82537;4;0;4;7;6.82537
3180;1.4341;21.5115;1;7;4;0;4;7;7
3240;2.51969;21.5973;1;7;7;0;7;7;7
3300;3.45781;51.8672;1;7;4;0;4;7;7
3360;4.77277;71.5915;1;7;4;0;4;7;7
3420;2.38543;47.7087;1;7;3;0;3;7;7
3480;0.214205;12.8523;0.999885;6.99919;1;0;1;7;6.99919
3540;0.498776;5.98531;0.949489;6.64642;5;0;5;7;6.64642
3600;0;0;0.820463;5.74324;5;0;5;7;5.74324
3660;0;0;0.789877;5.52914;4;0;4;7;5.52914
3720;0.732489;14.6498;0.920624;6.44437;3;0;3;7;6.44437
3780;1.19851;17.9776;1;7;4;0;4;7;7
3840;1.82007;21.8409;1;7;5;0;5;7;7
3900;2.21123;22.1123;1;7;6;0;6;7;7
3960;0.239111;7.17334;0.849834;5.94884;2;0;2;7;5.94884
4020;0;0;0.394195;2.75937;2;0;2;4;2.75937
4080;0;0;0.775927;5.43149;6;0;6;7;5.43149
4140;3.33765;28.6085;0.922914;6.4604;7;0;7;7;6.4604
4200;2.0081;60.2431;1;7;2;0;2;7;7
4260;12.1062;121.062;1;7;6;0;6;7;7
4320;7.37888;147.578;1;7;3;0;3;7;7
4380;9.68965;116.276;1;7;5;0;5;7;7
4440;1.21719;73.0312;1;7;1;0;1;7;7
4500;0.592979;35.5787;1;7;1;0;1;7;7
4560;6.59579;49.4684;1;7;8;0;8;7;7
4620;9.85915;84.507;1;7;7;0;7;7;7
4680;3.68861;73.7721;1;7;3;0;3;7;7
4740;3.95932;39.5932;1;7;6;0;6;7;7
4800;3.29999;49.4999;1;7;4;0;4;7;7
4860;2.74048;41.1071;1;7;4;0;4;7;7
4920;1.7642;52.9261;1;7;2;0;2;7;7
4980;0.398158;5.97237;0.977409;6.84187;4;0;4;7;6.84187
5040;0.00712384;0.085486;0.8243;5.7701;5;0;5;7;5.7701
5100;1.86259;15.9651;0.830465;5.81326;7;0;7;7;5.81326
5160;3.9438;47.3255;1;7;5;0;5;7;7
5220;8.08707;60.6531;1;7;8;0;8;7;7
5280;2.50674;50.1348;1;7;3;0;3;7;7
5340;4.34611;43.4611;1;7;6;0;6;7;7
5400;2.34524;28.1429;1;7;5;0;5;7;7
5460;7.38583;73.8583;1;7;6;0;6;7;7
5520;12.6198;126.198;1;7;6;0;6;7;7
5580;5.46717;109.343;1;7;3;0;3;7;7
5640;6.88943;103.342;1;7;4;0;4;7;7
5700;5.72459;68.6951;1;7;5;0;5;7;7
5760;4.47663;67.1495;1;7;4;0;4;7;7
5820;17.8323;118.882;1;7;9;0;9;7;7
5880;3.49574;104.872;1;7;2;0;2;7;7
5940;2.5871;51.7421;1;7;3;0;3;7;7
6000;11.192;111.92;1;7;6;0;6;7;7
6060;5.86787;117.357;1;7;3;0;3;7;7
6120;1.22306;73.3838;1;7;1;0;1;7;7
6180;1.20219;36.0656;1;7;2;0;2;7;7
6240;0.504501;15.135;0.881105;6.16774;2;0;2;7;6.16774
6300;0;0;0.437893;3.06525;4;0;4;6;3.06525
6360;0;0;0.949407;6.64585;1;0;1;7;6.64585
6420;0.476289;9.52578;0.898273;6.28791;3;0;3;7;6.28791
6480;1.72307;34.4615;1;7;3;0;3;7;7
6540;2.05968;20.5968;1;7;6;0;6;7;7
6600;6.80525;58.3307;1;7;7;0;7;7;7
6660;4.57007;91.4015;1;7;3;0;3;7;7
6720;1.1914;35.742;1;7;2;0;2;7;7
6780;1.34014;26.8027;1;7;3;0;3;7;7
6840;0.0141344;0.848066;0.892681;6.24877;1;0;1;7;6.24877
6900;1.24314;10.6555;0.941777;6.59244;7;0;7;7;6.59244
6960;10.5376;79.0323;1;7;8;0;8;7;7
7020;6.61704;132.341;1;7;3;0;3;7;7
7080;16.9228;169.228;1;7;6;0;6;7;7
7140;2.55761;153.457;1;7;1;0;1;7;7
7200;8.90463;133.569;1;7;4;0;4;7;7
7260;1.27893;76.7358;1;7;1;0;1;7;7
7320;2.65826;53.1651;1;7;3;0;3;7;7
7380;1.41416;42.4249;1;7;2;0;2;7;7
7440;1.94104;38.8208;1;7;3;0;3;7;7
7500;4.81982;28.9189;1;7;10;0;10;7;7
7560;0.879411;26.3823;1;7;2;0;2;7;7
7620;0.821849;9.86219;0.983094;6.88166;5;0;5;7;6.88166
7680;3.09133;46.37;1;7;4;0;4;7;7
7740;0.686586;41.1952;0.988545;6.91981;1;0;1;7;6.91981
7800;0;0;0.703035;4.92124;3;0;3;6;4.92124
7860;0;0;0.688842;4.82189;4;0;4;6;4.82189
7920;1.17209;11.7209;0.951327;6.65929;6;0;6;7;6.65929
7980;0.0882541;1.76508;0.946534;6.62574;3;0;3;7;6.62574
8040;0;0;0.775825;5.43078;3;0;3;7;5.43078
8100;0.775508;11.6326;0.925689;6.47983;4;0;4;7;6.47983
8160;1.36478;13.6478;0.979302;6.85511;6;0;6;7;6.85511
8220;1.13941;68.3649;1;7;1;0;1;7;7
8280;3.46759;52.0139;1;7;4;0;4;7;7
8340;0.705619;14.1124;0.920692;6.44485;3;0;3;7;6.44485
8400;0.171398;2.05678;0.900368;6.30258;5;0;5;7;6.30258
8460;0;0;0.64574;4.52018;2;0;2;6;4.52018
8520;0;0;0.726962;5.08874;4;0;4;6;5.08874
8580;0.219793;3.29689;0.785089;5.49563;4;0;4;7;5.49563
8640;0;0;0.812169;5.68519;4;0;4;7;5.68519
8700;0;0;0.689474;4.82631;3;0;3;6;4.82631
8760;0;0;0.599428;4.196;3;0;3;6;4.196
8820;0;0;0.696838;4.87787;4;0;4;6;4.87787
8880;0;0;0.728003;5.09602;4;0;4;6;5.09602
8940;1.01653;15.2479;0.858843;6.0119;4;0;4;7;6.0119
9000;0.652508;39.1505;1;7;1;0;1;7;7
9060;0.132741;1.99111;0.947521;6.63265;4;0;4;7;6.63265
9120;0.628639;6.28639;0.987802;6.91462;6;0;6;7;6.91462
9180;0.202208;4.04415;0.93172;6.52204;3;0;3;7;6.52204
9240;0;0;0.580861;4.06603;3;0;3;6;4.06603
9300;0;0;0.440812;3.08568;3;0;3;4;3.08568
9360;0;0;0.705202;4.93641;3;0;3;6;4.93641
9420;3.06276;36.7531;0.92712;6.48984;5;0;5;7;6.48984
9480;0.864552;25.9365;1;7;2;0;2;7;7
9540;0.385737;7.71474;0.970958;6.7967;3;0;3;7;6.7967
9600;0;0;0.766661;5.36663;0;0;0;7;5.36663
9660;0;0;0.614678;4.30275;4;0;4;6;4.30275
9720;0;0;0.814068;5.69847;2;0;2;6;5.69847
9780;0;0;0.721888;5.05321;2;0;2;7;5.05321
9840;0;0;0.588845;4.12192;6;0;6;5;4.12192
9900;0;0;0.584541;4.09178;1;0;1;5;4.09178
9960;1.82038;13.6529;0.623617;4.36532;8;0;8;7;4.36532
10020;11.5385;98.9016;1;7;7;0;7;7;7
10080;6.58325;131.665;1;7;3;0;3;7;7
10140;2.85204;85.5613;1;7;2;0;2;7;7
10200;4.81929;57.8315;1;7;5;0;5;7;7
10260;0.0760582;4.56349;1;7;1;0;1;7;7
10320;6.37324;76.4789;1;7;5;0;5;7;7
10380;7.79199;77.9199;1;7;6;0;6;7;7
10440;5.24169;78.6253;1;7;4;0;4;7;7
10500;8.4482;72.4131;1;7;7;0;7;7;7
10560;2.52686;37.903;1;7;4;0;4;7;7
10620;0;0;0.960483;6.72338;0;0;0;7;6.72338
10680;0;0;0.765212;5.35649;2;0;2;7;5.35649
10740;0;0;0.624858;4.37401;3;0;3;6;4.37401
10800;0;0;0.794376;5.56063;3;0;3;7;5.56063
10860;0;0;0.80861;5.66027;2;0;2;7;5.66027
10920;0;0;0.690203;4.83142;2;0;2;6;4.83142
10980;0;0;0.661019;4.62714;6;0;6;6;4.62714
11040;4.39449;32.9587;0.85442;5.98094;8;0;8;7;5.98094
11100;1.24256;74.5536;1;7;1;0;1;7;7
11160;0.383216;11.4965;1;7;2;0;2;7;7
11220;0.993623;29.8087;1;7;2;0;2;7;7
11280;0.858254;25.7476;1;7;2;0;2;7;7
11340;0;0;0.70868;4.96076;1;0;1;7;4.96076
11400;0;0;0.407983;2.85588;3;0;3;4;2.85588
11460;0;0;0.524057;3.6684;4;0;4;5;3.6684
11520;0;0;0.846482;5.92537;6;0;6;7;5.92537
11580;0;0;0.799295;5.59506;1;0;1;6;5.59506
11640;2.28254;19.5646;0.91369;6.39583;7;0;7;7;6.39583
11700;1.13361;22.6722;1;7;3;0;3;7;7
11760;4.48335;38.4287;1;7;7;0;7;7;7
11820;9.65323;82.7419;1;7;7;0;7;7;7
11880;3.59949;107.985;1;7;2;0;2;7;7
11940;4.44052;88.8105;1;7;3;0;3;7;7
12000;25.5952;139.61;1;7;11;0;11;7;7
12060;11.1846;167.769;1;7;4;0;4;7;7
12120;3.54497;212.698;1;7;1;0;1;7;7
12180;6.35599;127.12;1;7;3;0;3;7;7
12240;7.77783;116.667;1;7;4;0;4;7;7
12300;12.0881;145.058;1;7;5;0;5;7;7
12360;5.98545;119.709;1;7;3;0;3;7;7
12420;5.58074;111.615;1;7;3;0;3;7;7
12480;2.61691;52.3383;1;7;3;0;3;7;7
12540;8.19322;122.898;1;7;4;0;4;7;7
12600;7.69269;153.854;1;7;3;0;3;7;7
12660;9.9872;149.808;1;7;4;0;4;7;7
12720;17.5367;131.525;1;7;8;0;8;7;7
12780;2.23814;134.288;1;7;1;0;1;7;7
12840;3.70726;74.1452;1;7;3;0;3;7;7
12900;12.3118;92.3385;1;7;8;0;8;7;7
12960;9.69036;96.9036;1;7;6;0;6;7;7
13020;6.49562;77.9475;1;7;5;0;5;7;7
13080;7.5459;64.6792;1;7;7;0;7;7;7
13140;10.2476;122.971;1;7;5;0;5;7;7
13200;8.76147;131.422;1;7;4;0;4;7;7
13260;16.9047;144.897;1;7;7;0;7;7;7
13320;14.0302;210.454;1;7;4;0;4;7;7
13380;9.97345;199.469;1;7;3;0;3;7;7
13440;12.7624;191.436;1;7;4;0;4;7;7
13500;5.27133;158.14;1;7;2;0;2;7;7
13560;9.57656;143.648;1;7;4;0;4;7;7
13620;18.084;180.84;1;7;6;0;6;7;7
13680;1.64855;98.913;1;7;1;0;1;7;7
13740;0;0;1;7;0;0;0;7;7
13800;0;0;0.975026;6.82518;1;0;1;7;6.82518
13860;0.101672;2.03343;0.92473;6.47311;3;0;3;7;6.47311
13920;1.89918;22.7901;0.952846;6.66992;5;0;5;7;6.66992
13980;5.15423;51.5423;1;7;6;0;6;7;7
14040;2.93183;35.182;1;7;5;0;5;7;7
14100;1.28948;15.4738;1;7;5;0;5;7;7
14160;1.96457;39.2915;1;7;3;0;3;7;7
14220;0.511235;7.66852;0.945708;6.61996;4;0;4;7;6.61996
14280;0.397906;5.96859;0.807004;5.64902;4;0;4;7;5.64902
14340;0;0;0.82845;5.79915;2;0;2;7;5.79915
14400;0;0;0.402956;2.82069;4;0;4;5;2.82069
14460;0;0;0.520863;3.64604;5;0;5;6;3.64604
14520;4.21676;28.1117;0.967968;6.77577;9;0;9;7;6.77577
14580;7.99576;79.9576;1;7;6;0;6;7;7
14640;3.24323;64.8646;1;7;3;0;3;7;7
14700;6.06689;91.0033;1;7;4;0;4;7;7
14760;15.8732;136.056;1;7;7;0;7;7;7
14820;14.7799;221.698;1;7;4;0;4;7;7
14880;2.7023;162.138;1;7;1;0;1;7;7
14940;3.98214;119.464;1;7;2;0;2;7;7
15000;4.84138;72.6207;1;7;4;0;4;7;7
15060;8.79387;105.526;1;7;5;0;5;7;7
15120;7.2195;108.293;1;7;4;0;4;7;7
15180;0.856066;51.364;1;7;1;0;1;7;7
15240;3.2246;48.369;1;7;4;0;4;7;7
15300;1.36566;11.7056;1;7;7;0;7;7;7
15360;0;0;0.688521;4.81965;1;0;1;7;4.81965
15420;0;0;0.763976;5.34783;6;0;6;7;5.34783
15480;0;0;0.722244;5.0557;2;0;2;7;5.0557
15540;3.5563;30.4826;0.757048;5.29934;7;0;7;7;5.29934
15600;13.3093;133.093;1;7;6;0;6;7;7
15660;10.6245;159.367;1;7;4;0;4;7;7
15720;11.3896;170.844;1;7;4;0;4;7;7
15780;4.80239;144.072;1;7;2;0;2;7;7
15840;4.46635;89.3271;1;7;3;0;3;7;7
15900;10.404;89.1773;1;7;7;0;7;7;7
15960;3.91773;78.3546;1;7;3;0;3;7;7
16020;8.13965;81.3965;1;7;6;0;6;7;7
16080;4.3478;86.956;1;7;3;0;3;7;7
16140;2.98952;44.8428;1;7;4;0;4;7;7
16200;0.648567;19.457;1;7;2;0;2;7;7
16260;0;0;0.916765;6.41736;0;0;0;7;6.41736
16320;2.94398;35.3277;0.8897;6.2279;5;0;5;7;6.2279
16380;0.485703;29.1422;1;7;1;0;1;7;7
16440;0.435691;8.71382;0.999181;6.99427;3;0;3;7;6.99427
16500;0.0077259;0.154518;0.753556;5.27489;3;0;3;7;5.27489
16560;0;0;0.680115;4.7608;2;0;2;6;4.7608
16620;0.465441;9.30883;0.928578;6.50005;3;0;3;7;6.50005
16680;0.706431;10.5965;0.963847;6.74693;4;0;4;7;6.74693
16740;0;0;0.706923;4.94846;2;0;2;6;4.94846
16800;0;0;0.796937;5.57856;2;0;2;6;5.57856
16860;0;0;0.758357;5.3085;5;0;5;7;5.3085
16920;0;0;0.7961;5.5727;1;0;1;6;5.5727
16980;0.0885636;1.32845;0.853534;5.97474;4;0;4;7;5.97474
17040;9.89908;84.8492;1;7;7;0;7;7;7
17100;7.8976;118.464;1;7;4;0;4;7;7
17160;4.18916;83.7832;1;7;3;0;3;7;7
17220;0.978014;19.5603;1;7;3;0;3;7;7
17280;9.20577;92.0577;1;7;6;0;6;7;7
17340;18.1574;121.049;1;7;9;0;9;7;7
17400;21.9709;188.322;1;7;7;0;7;7;7
17460;8.12814;162.563;1;7;3;0;3;7;7
17520;8.18008;163.602;1;7;3;0;3;7;7
17580;7.07853;141.571;1;7;3;0;3;7;7
17640;10.9683;131.62;1;7;5;0;5;7;7
17700;8.74477;131.172;1;7;4;0;4;7;7
17760;1.82285;109.371;1;7;1;0;1;7;7
17820;12.7576;191.364;1;7;4;0;4;7;7
17880;14.7514;177.016;1;7;5;0;5;7;7
17940;7.47753;149.551;1;7;3;0;3;7;7
18000;6.4955;129.91;1;7;3;0;3;7;7
18060;10.787;107.87;1;7;6;0;6;7;7
18120;19.0226;163.051;1;7;7;0;7;7;7
18180;21.6557;259.869;1;7;5;0;5;7;7
18240;5.89377;353.626;1;7;1;0;1;7;7
18300;4.28362;257.017;1;7;1;0;1;7;7
18360;13.7186;274.372;1;7;3;0;3;7;7
18420;56.5123;376.748;1;7;9;0;9;7;7
18480;7.99377;479.626;1;7;1;0;1;7;7
18540;20.4653;409.306;1;7;3;0;3;7;7
18600;24.0673;361.01;1;7;4;0;4;7;7
18660;29.7872;357.446;1;7;5;0;5;7;7
18720;34.1187;341.187;1;7;6;0;6;7;7
18780;32.0675;320.675;1;7;6;0;6;7;7
18840;23.476;352.141;1;7;4;0;4;7;7
18900;36.0569;360.569;1;7;6;0;6;7;7
18960;16.488;329.759;1;7;3;0;3;7;7
19020;68.8954;375.793;1;7;11;0;11;7;7
19080;23.1841;463.682;1;7;3;0;3;7;7
19140;37.41;448.92;1;7;5;0;5;7;7
19200;36.5907;439.088;1;7;5;0;5;7;7
19260;33.2074;498.11;1;7;4;0;4;7;7
19320;26.4139;528.277;1;7;3;0;3;7;7
19380;18.4046;552.137;1;7;2;0;2;7;7
19440;45.7342;548.811;1;7;5;0;5;7;7
19500;18.5088;555.263;1;7;2;0;2;7;7
19560;62.4579;535.354;1;7;7;0;7;7;7
19620;45.5859;547.031;1;7;5;0;5;7;7
19680;27.9766;559.533;1;7;3;0;3;7;7
19740;30.5897;611.793;1;7;3;0;3;7;7
19800;53.0912;637.094;1;7;5;0;5;7;7
19860;33.4114;668.229;1;7;3;0;3;7;7
19920;56.0932;673.118;1;7;5;0;5;7;7
19980;56.7307;680.768;1;7;5;0;5;7;7
20040;42.7632;641.448;1;7;4;0;4;7;7
20100;19.8764;596.291;1;7;2;0;2;7;7
20160;18.6301;558.903;1;7;2;0;2;7;7
20220;36.7841;551.761;1;7;4;0;4;7;7
20280;25.8873;517.746;1;7;3;0;3;7;7
20340;32.2222;483.333;1;7;4;0;4;7;7
20400;15.907;477.211;1;7;2;0;2;7;7
20460;23.4098;468.197;1;7;3;0;3;7;7
20520;65.2492;489.369;1;7;8;0;8;7;7
20580;39.8191;477.829;1;7;5;0;5;7;7
20640;60.2491;516.421;1;7;7;0;7;7;7
20700;17.7973;533.92;1;7;2;0;2;7;7
20760;23.2321;464.643;1;7;3;0;3;7;7
20820;23.0045;460.089;1;7;3;0;3;7;7
20880;52.8834;453.286;1;7;7;0;7;7;7
20940;22.1495;442.991;1;7;3;0;3;7;7
21000;35.2768;423.322;1;7;5;0;5;7;7
21060;34.6246;415.495;1;7;5;0;5;7;7
21120;14.3953;431.86;1;7;2;0;2;7;7
21180;27.979;419.685;1;7;4;0;4;7;7
21240;7.00379;420.228;1;7;1;0;1;7;7
21300;11.9909;359.726;1;7;2;0;2;7;7
21360;4.97789;298.673;1;7;1;0;1;7;7
21420;24.8686;373.029;1;7;4;0;4;7;7
21480;71.9876;431.926;1;7;10;0;10;7;7
21540;47.1032;471.032;1;7;6;0;6;7;7
21600;31.1127;466.691;1;7;4;0;4;7;7
21660;47.4804;474.804;1;7;6;0;6;7;7
21720;54.7079;468.925;1;7;7;0;7;7;7
21780;25.5004;510.007;1;7;3;0;3;7;7
21840;25.5358;510.715;1;7;3;0;3;7;7
21900;32.7236;490.854;1;7;4;0;4;7;7
21960;23.8105;476.211;1;7;3;0;3;7;7
22020;24.5898;491.795;1;7;3;0;3;7;7
22080;41.4808;497.77;1;7;5;0;5;7;7
22140;44.2912;531.495;1;7;5;0;5;7;7
22200;26.9894;539.788;1;7;3;0;3;7;7
22260;48.2149;482.149;1;7;6;0;6;7;7
22320;24.6846;493.692;1;7;3;0;3;7;7
22380;7.49387;449.632;1;7;1;0;1;7;7
22440;0;0;1;7;0;0;0;7;7
22500;23.1847;347.771;1;7;4;0;4;7;7
22560;30.7671;369.205;1;7;5;0;5;7;7
22620;41.6367;416.367;1;7;6;0;6;7;7
22680;28.7056;430.584;1;7;4;0;4;7;7
22740;57.9623;434.718;1;7;8;0;8;7;7
22800;42.3215;507.859;1;7;5;0;5;7;7
22860;55.1873;551.873;1;7;6;0;6;7;7
22920;28.3629;567.259;1;7;3;0;3;7;7
22980;37.4697;562.046;1;7;4;0;4;7;7
23040;28.2233;564.466;1;7;3;0;3;7;7
23100;38.0576;570.863;1;7;4;0;4;7;7
23160;18.1739;545.218;1;7;2;0;2;7;7
23220;18.0369;541.108;1;7;2;0;2;7;7
23280;42.3406;508.087;1;7;5;0;5;7;7
23340;22.867;457.34;1;7;3;0;3;7;7
23400;24.1793;483.587;1;7;3;0;3;7;7
23460;8.23648;494.189;1;7;1;0;1;7;7
23520;21.7444;434.888;1;7;3;0;3;7;7
23580;7.31412;438.847;1;7;1;0;1;7;7
23640;21.1567;423.134;1;7;3;0;3;7;7
23700;12.9169;387.508;1;7;2;0;2;7;7
23760;33.9079;406.895;1;7;5;0;5;7;7
23820;12.4297;372.891;1;7;2;0;2;7;7
23880;33.2595;399.114;1;7;5;0;5;7;7
23940;33.6866;404.239;1;7;5;0;5;7;7
24000;33.1462;397.754;1;7;5;0;5;7;7
24060;11.9459;358.376;1;7;2;0;2;7;7
24120;11.6343;349.028;1;7;2;0;2;7;7
24180;26.9216;323.059;1;7;5;0;5;7;7
24240;10.3701;311.103;1;7;2;0;2;7;7
24300;19.9381;299.072;1;7;4;0;4;7;7
24360;29.3544;293.544;1;7;6;0;6;7;7
24420;0;0;1;7;0;0;0;7;7
24480;26.0076;260.076;1;7;6;0;6;7;7
24540;8.42795;252.839;1;7;2;0;2;7;7
24600;0;0;1;7;0;0;0;7;7
24660;2.20278;132.167;1;7;1;0;1;7;7
24720;9.39749;140.962;1;7;4;0;4;7;7
24780;12.5241;125.241;1;7;6;0;6;7;7
24840;1.59065;95.4393;1;7;1;0;1;7;7
24900;2.26416;67.9249;1;7;2;0;2;7;7
24960;2.19533;32.9299;1;7;4;0;4;7;7
25020;8.57071;85.7071;1;7;6;0;6;7;7
25080;3.79867;75.9734;1;7;3;0;3;7;7
25140;2.50979;50.1959;1;7;3;0;3;7;7
25200;0;0;0.937448;6.56214;1;0;1;7;6.56214
25260;0;0;0.617628;4.32339;2;0;2;6;4.32339
25320;0.548797;5.48797;0.870666;6.09467;6;0;6;7;6.09467
25380;1.1131;33.3931;1;7;2;0;2;7;7
25440;4.8214;32.1427;0.980385;6.8627;9;0;9;7;6.8627
25500;1.3855;27.7099;1;7;3;0;3;7;7
25560;5.41755;40.6316;1;7;8;0;8;7;7
25620;2.04431;61.3293;1;7;2;0;2;7;7
25680;2.61133;78.34;1;7;2;0;2;7;7
25740;4.99328;59.9194;1;7;5;0;5;7;7
25800;0;0;1;7;0;0;0;7;7
25860;6.38433;54.7228;1;7;7;0;7;7;7
25920;8.59695;103.163;1;7;5;0;5;7;7
25980;10.0683;120.82;1;7;5;0;5;7;7
26040;4.04173;121.252;1;7;2;0;2;7;7
26100;6.27874;125.575;1;7;3;0;3;7;7
26160;5.83543;116.709;1;7;3;0;3;7;7
26220;13.1716;131.716;1;7;6;0;6;7;7
26280;14.8794;178.553;1;7;5;0;5;7;7
26340;2.9479;176.874;1;7;1;0;1;7;7
26400;9.62895;144.434;1;7;4;0;4;7;7
26460;15.7408;157.408;1;7;6;0;6;7;7
26520;4.986;149.58;1;7;2;0;2;7;7
26580;19.3393;128.929;1;7;9;0;9;7;7
26640;7.44553;148.911;1;7;3;0;3;7;7
26700;14.2683;142.683;1;7;6;0;6;7;7
26760;8.22838;164.568;1;7;3;0;3;7;7
26820;10.4294;156.441;1;7;4;0;4;7;7
26880;6.49904;129.981;1;7;3;0;3;7;7
26940;8.02319;120.348;1;7;4;0;4;7;7
27000;5.4566;109.132;1;7;3;0;3;7;7
27060;13.5179;115.868;1;7;7;0;7;7;7
27120;9.71128;145.669;1;7;4;0;4;7;7
27180;17.6951;151.673;1;7;7;0;7;7;7
27240;10.3536;124.243;1;7;5;0;5;7;7
27300;5.94305;118.861;1;7;3;0;3;7;7
27360;2.41823;72.547;1;7;2;0;2;7;7
27420;9.07417;77.7786;1;7;7;0;7;7;7
27480;5.15523;77.3284;1;7;4;0;4;7;7
27540;4.02265;80.4531;1;7;3;0;3;7;7
27600;1.71922;51.5766;1;7;2;0;2;7;7
27660;1.05108;21.0216;1;7;3;0;3;7;7
27720;0.333176;9.99528;0.936474;6.55532;2;0;2;7;6.55532
27780;2.95502;19.7001;0.983805;6.88663;9;0;9;7;6.88663
27840;3.87414;77.4828;1;7;3;0;3;7;7
27900;14.3884;123.329;1;7;7;0;7;7;7
27960;21.591;185.066;1;7;7;0;7;7;7
28020;13.3807;200.71;1;7;4;0;4;7;7
28080;5.50928;165.278;1;7;2;0;2;7;7
28140;3.27458;98.2375;1;7;2;0;2;7;7
28200;2.2024;66.0721;1;7;2;0;2;7;7
28260;0.908742;13.6311;1;7;4;0;4;7;7
28320;0.730728;14.6146;0.917722;6.42405;3;0;3;7;6.42405
28380;0.414491;4.14491;0.88913;6.22391;6;0;6;7;6.22391
28440;4.92179;42.1868;1;7;7;0;7;7;7
28500;3.59106;53.8659;1;7;4;0;4;7;7
28560;0.38923;11.6769;1;7;2;0;2;7;7
28620;0.0129801;0.194701;0.897633;6.28343;4;0;4;7;6.28343
28680;2.33959;28.0751;1;7;5;0;5;7;7
28740;1.48397;89.0381;1;7;1;0;1;7;7
28800;3.45578;69.1156;1;7;3;0;3;7;7
28860;0.825994;24.7798;1;7;2;0;2;7;7
28920;0.452148;9.04296;1;7;3;0;3;7;7
28980;0.100463;3.01388;0.822641;5.75848;2;0;2;7;5.75848
29040;0;0;0.457404;3.20183;3;0;3;5;3.20183
29100;0;0;0.648843;4.5419;7;0;7;7;4.5419
29160;0;0;0.695041;4.86529;5;0;5;6;4.86529
29220;0.230981;6.92942;0.988019;6.91613;2;0;2;7;6.91613
29280;0;0;0.82926;5.80482;2;0;2;6;5.80482
29340;0;0;0.889053;6.22337;4;0;4;7;6.22337
29400;0;0;0.86055;6.02385;4;0;4;7;6.02385
29460;0;0;0.431878;3.02315;2;0;2;4;3.02315
29520;0;0;0.423705;2.96594;4;0;4;4;2.96594
29580;0;0;0.493367;3.45357;6;0;6;5;3.45357
29640;0;0;0.620827;4.34579;2;0;2;5;4.34579
29700;0;0;0.689712;4.82798;3;0;3;6;4.82798
29760;0;0;0.484017;3.38812;3;0;3;6;3.38812
29820;0;0;0.773572;5.41501;8;0;8;7;5.41501
29880;0;0;0.765286;5.357;5;0;5;6;5.357
29940;0;0;0.796162;5.57313;5;0;5;7;5.57313
30000;0;0;0.946373;6.62461;2;0;2;7;6.62461
30060;0;0;0.811603;5.68122;4;0;4;7;5.68122
30120;0;0;0.641517;4.49062;2;0;2;6;4.49062
30180;0;0;0.136222;0.953553;2;0;2;3;0.953553
30240;0;0;0.726347;5.08443;6;0;6;7;5.08443
30300;0;0;0.663105;4.64173;2;0;2;6;4.64173
30360;0;0;0.449101;3.14371;5;0;5;5;3.14371
30420;0;0;0.457763;3.20434;4;0;4;5;3.20434
30480;0;0;0.78536;5.49752;1;0;1;6;5.49752
30540;0;0;0.748733;5.24113;5;0;5;7;5.24113
30600;0;0;0.570594;3.99415;1;0;1;4;3.99415
30660;0;0;0.615526;4.30868;4;0;4;6;4.30868
30720;0;0;0.520998;3.64699;4;0;4;5;3.64699
30780;0;0;0.70898;4.96286;3;0;3;6;4.96286
30840;0;0;0.672696;4.70887;4;0;4;6;4.70887
30900;0;0;0.767988;5.37592;4;0;4;6;5.37592
30960;0;0;0.827625;5.79338;4;0;4;7;5.79338
31020;0.103637;1.24364;0.925415;6.47791;5;0;5;7;6.47791
31080;2.1608;18.5211;0.997336;6.98135;7;0;7;7;6.98135
31140;0.383844;11.5153;0.972169;6.80518;2;0;2;7;6.80518
31200;0.149213;2.2382;0.949532;6.64672;4;0;4;7;6.64672
31260;1.45794;21.869;1;7;4;0;4;7;7
31320;4.97105;49.7105;1;7;6;0;6;7;7
31380;2.62159;52.4317;1;7;3;0;3;7;7
31440;2.15019;43.0038;1;7;3;0;3;7;7
31500;0.211844;4.23687;0.947825;6.63478;3;0;3;7;6.63478
31560;0;0;0.507592;3.55314;2;0;2;6;3.55314
31620;0;0;0.618621;4.33035;4;0;4;6;4.33035
31680;0;0;0.696013;4.87209;5;0;5;6;4.87209
31740;0;0;0.542076;3.79453;3;0;3;5;3.79453
31800;0;0;0.496504;3.47553;6;0;6;5;3.47553
31860;0;0;0.631491;4.42044;4;0;4;6;4.42044
31920;0.137058;1.02794;0.842827;5.89979;8;0;8;7;5.89979
31980;0;0;0.714695;5.00286;5;0;5;6;5.00286
32040;0;0;0.703406;4.92384;4;0;4;7;4.92384
32100;0;0;0.72881;5.10167;2;0;2;6;5.10167
32160;0;0;0.723176;5.06223;6;0;6;6;5.06223
32220;0;0;0.621355;4.34949;4;0;4;6;4.34949
32280;0;0;0.203105;1.42173;0;0;0;4;1.42173
32340;0;0;0.325044;2.27531;4;0;4;4;2.27531
32400;0.106431;1.06431;0.632994;4.43096;6;0;6;7;4.43096
32460;0;0;0.707203;4.95042;5;0;5;6;4.95042
32520;0;0;0.766945;5.36861;5;0;5;7;5.36861
32580;2.25666;27.08;0.999481;6.99637;5;0;5;7;6.99637
32640;6.53997;43.5998;1;7;9;0;9;7;7
32700;2.90527;43.5791;1;7;4;0;4;7;7
32760;2.02575;24.309;1;7;5;0;5;7;7
32820;0;0;0.881269;6.16888;4;0;4;7;6.16888
32880;0.131635;1.97452;0.915569;6.40898;4;0;4;7;6.40898
32940;0;0;0.779246;5.45472;1;0;1;7;5.45472
33000;0;0;0.647653;4.53357;4;0;4;6;4.53357
33060;0.221611;4.43221;0.889276;6.22493;3;0;3;7;6.22493
33120;0.45291;5.43492;0.996135;6.97295;5;0;5;7;6.97295
33180;0.731508;10.9726;0.945127;6.61589;4;0;4;7;6.61589
33240;0.087788;1.05346;0.937604;6.56323;5;0;5;7;6.56323
33300;3.63793;54.569;1;7;4;0;4;7;7
33360;1.53094;45.9282;1;7;2;0;2;7;7
33420;0.373494;7.46988;0.979368;6.85558;3;0;3;7;6.85558
33480;0;0;0.892496;6.24747;2;0;2;7;6.24747
33540;1.73182;17.3182;0.955798;6.69059;6;0;6;7;6.69059
33600;0.526424;15.7927;1;7;2;0;2;7;7
33660;0.271478;8.14435;0.820296;5.74207;2;0;2;7;5.74207
33720;0;0;0.425789;2.98052;4;0;4;4;2.98052
33780;0;0;0.600324;4.20227;4;0;4;6;4.20227
33840;0.0523209;1.04642;0.853039;5.97127;3;0;3;7;5.97127
33900;4.52556;33.9417;0.979688;6.85782;8;0;8;7;6.85782
33960;5.35061;53.5061;1;7;6;0;6;7;7
34020;4.18164;62.7246;1;7;4;0;4;7;7
34080;0.090973;5.45838;1;7;1;0;1;7;7
34140;1.2035;18.0525;1;7;4;0;4;7;7
34200;0.436547;8.73095;0.983976;6.88783;3;0;3;7;6.88783
34260;3.59068;30.7772;0.983472;6.88431;7;0;7;7;6.88431
34320;6.28444;94.2667;1;7;4;0;4;7;7
34380;0.844639;50.6783;1;7;1;0;1;7;7
34440;1.79286;35.8571;1;7;3;0;3;7;7
34500;0;0;0.897543;6.2828;2;0;2;7;6.2828
34560;1.14522;9.81617;0.904937;6.33456;7;0;7;7;6.33456
34620;7.17267;53.795;1;7;8;0;8;7;7
34680;12.1532;104.171;1;7;7;0;7;7;7
34740;25.6932;192.699;1;7;8;0;8;7;7
34800;9.64149;289.245;1;7;2;0;2;7;7
34860;30.3094;303.094;1;7;6;0;6;7;7
34920;4.55565;273.339;1;7;1;0;1;7;7
34980;31.6931;271.655;1;7;7;0;7;7;7
35040;10.6243;318.73;1;7;2;0;2;7;7
35100;9.89162;296.748;1;7;2;0;2;7;7
35160;16.3586;245.379;1;7;4;0;4;7;7
35220;13.5308;202.963;1;7;4;0;4;7;7
35280;15.3575;184.29;1;7;5;0;5;7;7
35340;11.6638;174.957;1;7;4;0;4;7;7
35400;7.00057;210.017;1;7;2;0;2;7;7
35460;19.8241;198.241;1;7;6;0;6;7;7
35520;23.0906;277.087;1;7;5;0;5;7;7
35580;14.7697;295.393;1;7;3;0;3;7;7
35640;28.1916;338.299;1;7;5;0;5;7;7
35700;52.2265;391.699;1;7;8;0;8;7;7
35760;20.9803;419.605;1;7;3;0;3;7;7
35820;42.5566;425.566;1;7;6;0;6;7;7
35880;44.1175;441.175;1;7;6;0;6;7;7
35940;21.9461;438.921;1;7;3;0;3;7;7
36000;7.00314;420.188;1;7;1;0;1;7;7
36060;12.0064;360.192;1;7;2;0;2;7;7
36120;5.50094;330.056;1;7;1;0;1;7;7
36180;25.821;309.852;1;7;5;0;5;7;7
36240;30.0006;360.007;1;7;5;0;5;7;7
36300;5.26885;316.131;1;7;1;0;1;7;7
36360;14.3704;287.408;1;7;3;0;3;7;7
36420;23.5641;282.769;1;7;5;0;5;7;7
36480;4.62213;277.328;1;7;1;0;1;7;7
36540;7.49979;224.994;1;7;2;0;2;7;7
36600;14.1319;211.978;1;7;4;0;4;7;7
36660;23.9938;239.938;1;7;6;0;6;7;7
36720;28.0492;336.59;1;7;5;0;5;7;7
36780;11.6846;350.539;1;7;2;0;2;7;7
36840;5.14715;308.829;1;7;1;0;1;7;7
36900;35.391;303.352;1;7;7;0;7;7;7
36960;15.4842;309.684;1;7;3;0;3;7;7
37020;27.7699;333.239;1;7;5;0;5;7;7
37080;18.2;364.001;1;7;3;0;3;7;7
37140;19.0392;380.784;1;7;3;0;3;7;7
37200;31.9685;383.622;1;7;5;0;5;7;7
37260;24.7189;370.784;1;7;4;0;4;7;7
37320;18.2556;365.111;1;7;3;0;3;7;7
37380;35.4621;354.621;1;7;6;0;6;7;7
37440;11.4711;344.133;1;7;2;0;2;7;7
37500;25.1629;377.444;1;7;4;0;4;7;7
37560;37.8993;378.993;1;7;6;0;6;7;7
37620;40.303;403.03;1;7;6;0;6;7;7
37680;21.3824;427.648;1;7;3;0;3;7;7
37740;26.2628;393.942;1;7;4;0;4;7;7
37800;26.5034;397.55;1;7;4;0;4;7;7
37860;33.4186;401.024;1;7;5;0;5;7;7
37920;6.23307;373.984;1;7;1;0;1;7;7
37980;39.832;398.32;1;7;6;0;6;7;7
38040;46.0861;460.861;1;7;6;0;6;7;7
38100;13.7547;412.642;1;7;2;0;2;7;7
38160;18.591;371.819;1;7;3;0;3;7;7
38220;11.507;345.21;1;7;2;0;2;7;7
38280;20.7579;311.369;1;7;4;0;4;7;7
38340;36.3307;311.406;1;7;7;0;7;7;7
38400;60.1404;451.053;1;7;8;0;8;7;7
38460;23.2592;465.183;1;7;3;0;3;7;7
38520;54.5487;467.56;1;7;7;0;7;7;7
38580;53.3288;533.288;1;7;6;0;6;7;7
38640;9.17098;550.259;1;7;1;0;1;7;7
38700;31.7376;476.064;1;7;4;0;4;7;7
38760;42.8697;514.436;1;7;5;0;5;7;7
38820;44.572;534.864;1;7;5;0;5;7;7
38880;26.3291;526.583;1;7;3;0;3;7;7
38940;51.8236;518.236;1;7;6;0;6;7;7
39000;25.5902;511.805;1;7;3;0;3;7;7
39060;15.839;475.17;1;7;2;0;2;7;7
39120;6.50173;390.104;1;7;1;0;1;7;7
39180;37.9566;379.566;1;7;6;0;6;7;7
39240;32.7494;392.993;1;7;5;0;5;7;7
39300;6.74678;404.807;1;7;1;0;1;7;7
39360;16.6185;332.369;1;7;3;0;3;7;7
39420;15.7389;314.777;1;7;3;0;3;7;7
39480;14.9356;298.711;1;7;3;0;3;7;7
39540;28.2625;282.625;1;7;6;0;6;7;7
39600;22.741;272.891;1;7;5;0;5;7;7
39660;3.83608;230.165;1;7;1;0;1;7;7
39720;9.79928;195.986;1;7;3;0;3;7;7
39780;4.93586;148.076;1;7;2;0;2;7;7
39840;20.7235;207.235;1;7;6;0;6;7;7
39900;0;0;1;7;0;0;0;7;7
39960;8.83085;176.617;1;7;3;0;3;7;7
40020;6.77536;203.261;1;7;2;0;2;7;7
40080;5.27883;158.365;1;7;2;0;2;7;7
40140;14.7453;147.453;1;7;6;0;6;7;7
40200;11.5574;138.689;1;7;5;0;5;7;7
40260;10.3177;154.766;1;7;4;0;4;7;7
40320;3.10157;93.0471;1;7;2;0;2;7;7
40380;13.6305;136.305;1;7;6;0;6;7;7
40440;23.2068;198.916;1;7;7;0;7;7;7
40500;15.1623;227.434;1;7;4;0;4;7;7
40560;10.8888;217.775;1;7;3;0;3;7;7
40620;18.7534;225.04;1;7;5;0;5;7;7
40680;21.2881;255.457;1;7;5;0;5;7;7
40740;3.26327;195.796;1;7;1;0;1;7;7
40800;8.11565;162.313;1;7;3;0;3;7;7
40860;15.4775;154.775;1;7;6;0;6;7;7
40920;22.561;193.38;1;7;7;0;7;7;7
40980;13.4813;269.627;1;7;3;0;3;7;7
41040;25.8847;258.847;1;7;6;0;6;7;7
41100;32.2914;276.784;1;7;7;0;7;7;7
41160;9.66507;289.952;1;7;2;0;2;7;7
41220;16.6591;249.886;1;7;4;0;4;7;7
41280;16.6184;249.276;1;7;4;0;4;7;7
41340;11.5571;231.143;1;7;3;0;3;7;7
41400;13.2812;199.218;1;7;4;0;4;7;7
41460;17.0853;205.024;1;7;5;0;5;7;7
41520;13.3067;199.601;1;7;4;0;4;7;7
41580;13.7322;205.983;1;7;4;0;4;7;7
41640;7.86316;235.895;1;7;2;0;2;7;7
41700;18.4678;221.614;1;7;5;0;5;7;7
41760;10.2066;204.133;1;7;3;0;3;7;7
41820;11.6605;174.908;1;7;4;0;4;7;7
41880;13.9678;209.518;1;7;4;0;4;7;7
41940;16.7031;200.438;1;7;5;0;5;7;7
42000;24.8213;186.159;1;7;8;0;8;7;7
42060;13.3538;200.306;1;7;4;0;4;7;7
42120;17.3418;260.127;1;7;4;0;4;7;7
42180;4.10436;246.262;1;7;1;0;1;7;7
42240;19.6612;196.612;1;7;6;0;6;7;7
42300;3.59552;215.731;1;7;1;0;1;7;7
42360;22.4654;192.561;1;7;7;0;7;7;7
42420;31.2805;268.119;1;7;7;0;7;7;7
42480;37.9802;325.545;1;7;7;0;7;7;7
42540;28.0514;336.617;1;7;5;0;5;7;7
42600;22.1942;332.913;1;7;4;0;4;7;7
42660;14.8631;297.262;1;7;3;0;3;7;7
42720;31.6541;271.321;1;7;7;0;7;7;7
42780;17.8467;267.701;1;7;4;0;4;7;7
42840;4.01179;240.707;1;7;1;0;1;7;7
42900;6.61252;198.376;1;7;2;0;2;7;7
42960;21.6192;185.308;1;7;7;0;7;7;7
43020;4.86447;145.934;1;7;2;0;2;7;7
43080;2.02271;121.363;1;7;1;0;1;7;7
43140;8.77015;87.7015;1;7;6;0;6;7;7
43200;5.51192;110.238;1;7;3;0;3;7;7
43260;3.72855;111.857;1;7;2;0;2;7;7
43320;15.7997;157.997;1;7;6;0;6;7;7
43380;25.8636;193.977;1;7;8;0;8;7;7
43440;10.1386;202.771;1;7;3;0;3;7;7
43500;25.5386;218.902;1;7;7;0;7;7;7
43560;21.7454;260.945;1;7;5;0;5;7;7
43620;9.05187;271.556;1;7;2;0;2;7;7
43680;10.9539;219.077;1;7;3;0;3;7;7
43740;17.8118;213.742;1;7;5;0;5;7;7
43800;0;0;1;7;0;0;0;7;7
43860;27.2115;233.242;1;7;7;0;7;7;7
43920;18.3841;220.61;1;7;5;0;5;7;7
43980;65.6331;357.999;1;7;11;0;11;7;7
44040;23.8752;358.128;1;7;4;0;4;7;7
44100;25.0266;375.399;1;7;4;0;4;7;7
44160;45.3154;388.417;1;7;7;0;7;7;7
44220;18.5798;371.597;1;7;3;0;3;7;7
44280;5.4912;329.472;1;7;1;0;1;7;7
44340;14.6178;292.356;1;7;3;0;3;7;7
44400;38.8771;291.578;1;7;8;0;8;7;7
44460;11.4796;344.389;1;7;2;0;2;7;7
44520;53.3528;355.685;1;7;9;0;9;7;7
44580;10.5901;317.702;1;7;2;0;2;7;7
44640;23.4689;281.626;1;7;5;0;5;7;7
44700;9.98874;299.662;1;7;2;0;2;7;7
44760;8.51682;255.505;1;7;2;0;2;7;7
44820;9.86847;197.369;1;7;3;0;3;7;7
44880;19.7082;236.498;1;7;5;0;5;7;7
44940;18.8976;226.771;1;7;5;0;5;7;7
45000;34.6868;231.246;1;7;9;0;9;7;7
45060;23.6752;284.102;1;7;5;0;5;7;7
45120;42.7764;285.176;1;7;9;0;9;7;7
45180;15.9434;318.868;1;7;3;0;3;7;7
45240;19.1313;286.969;1;7;4;0;4;7;7
45300;9.15023;274.507;1;7;2;0;2;7;7
45360;21.8879;218.879;1;7;6;0;6;7;7
45420;27.3364;205.023;1;7;8;0;8;7;7
45480;38.2249;286.687;1;7;8;0;8;7;7
45540;16.1827;323.654;1;7;3;0;3;7;7
45600;28.8615;346.338;1;7;5;0;5;7;7
45660;34.5181;414.217;1;7;5;0;5;7;7
45720;13.4639;403.917;1;7;2;0;2;7;7
45780;26.6471;399.707;1;7;4;0;4;7;7
45840;34.1311;409.574;1;7;5;0;5;7;7
45900;49.5082;424.356;1;7;7;0;7;7;7
45960;20.6362;412.723;1;7;3;0;3;7;7
46020;36.2383;434.86;1;7;5;0;5;7;7
46080;8.16935;490.161;1;7;1;0;1;7;7
46140;65.5222;491.417;1;7;8;0;8;7;7
46200;48.2207;578.648;1;7;5;0;5;7;7
46260;9.18322;550.993;1;7;1;0;1;7;7
46320;24.739;494.781;1;7;3;0;3;7;7
46380;22.2395;444.79;1;7;3;0;3;7;7
46440;6.4264;385.584;1;7;1;0;1;7;7
46500;0;0;1;7;0;0;0;7;7
46560;0;0;1;7;0;0;0;7;7
46620;11.9117;238.234;1;7;3;0;3;7;7
46680;11.9693;239.386;1;7;3;0;3;7;7
46740;26.657;228.488;1;7;7;0;7;7;7
46800;6.53408;196.022;1;7;2;0;2;7;7
46860;14.0458;210.687;1;7;4;0;4;7;7
46920;16.923;203.076;1;7;5;0;5;7;7
46980;8.62008;172.402;1;7;3;0;3;7;7
47040;21.3251;213.251;1;7;6;0;6;7;7
47100;3.8453;230.718;1;7;1;0;1;7;7
47160;14.006;168.072;1;7;5;0;5;7;7
47220;7.0751;141.502;1;7;3;0;3;7;7
47280;14.1323;141.323;1;7;6;0;6;7;7
47340;3.54175;106.253;1;7;2;0;2;7;7
47400;6.02244;90.3366;1;7;4;0;4;7;7
47460;5.65147;67.8177;1;7;5;0;5;7;7
47520;12.4931;124.931;1;7;6;0;6;7;7
47580;5.47452;164.236;1;7;2;0;2;7;7
47640;10.2245;153.368;1;7;4;0;4;7;7
47700;5.34087;160.226;1;7;2;0;2;7;7
47760;1.449;86.94;1;7;1;0;1;7;7
47820;0.895711;26.8713;1;7;2;0;2;7;7
47880;0.614876;12.2975;1;7;3;0;3;7;7
47940;0.692002;6.92002;0.966388;6.76472;6;0;6;7;6.76472
48000;0;0;0.836647;5.85653;2;0;2;7;5.85653
48060;2.0614;12.3684;0.911515;6.3806;10;0;10;7;6.3806
48120;4.6445;55.734;1;7;5;0;5;7;7
48180;3.94577;47.3492;1;7;5;0;5;7;7
48240;0;0;0.900214;6.3015;2;0;2;7;6.3015
48300;1.51695;15.1695;0.920724;6.44507;6;0;6;7;6.44507
48360;2.661;31.932;1;7;5;0;5;7;7
48420;1.03834;20.7669;0.992744;6.94921;3;0;3;7;6.94921
48480;3.15148;27.0127;0.941582;6.59107;7;0;7;7;6.59107
48540;0.949155;56.9493;1;7;1;0;1;7;7
48600;0;0;0.900055;6.30038;1;0;1;7;6.30038
48660;0.0404931;0.404931;0.819138;5.73396;6;0;6;7;5.73396
48720;0;0;0.912976;6.39083;4;0;4;7;6.39083
48780;3.55061;30.4338;0.996549;6.97585;7;0;7;7;6.97585
48840;2.31436;46.2872;1;7;3;0;3;7;7
48900;2.33633;46.7266;1;7;3;0;3;7;7
48960;1.6561;19.8732;1;7;5;0;5;7;7
49020;2.43611;36.5417;1;7;4;0;4;7;7
49080;0;0;0.96644;6.76508;1;0;1;7;6.76508
49140;0;0;0.64407;4.50849;2;0;2;6;4.50849
49200;0;0;0.523454;3.66418;3;0;3;5;3.66418
49260;0;0;0.627571;4.393;4;0;4;6;4.393
49320;0;0;0.419615;2.9373;2;0;2;4;2.9373
49380;0;0;0.673959;4.71772;4;0;4;6;4.71772
49440;0;0;0.949157;6.6441;3;0;3;7;6.6441
49500;0.552687;8.29031;0.99831;6.98817;4;0;4;7;6.98817
49560;3.25453;32.5453;0.998703;6.99092;6;0;6;7;6.99092
49620;2.95133;44.27;1;7;4;0;4;7;7
49680;4.85776;72.8664;1;7;4;0;4;7;7
49740;0.759059;45.5436;1;7;1;0;1;7;7
49800;0.967425;9.67425;0.992235;6.94565;6;0;6;7;6.94565
49860;0;0;0.88479;6.19353;2;0;2;7;6.19353
49920;0.208102;2.49722;0.924231;6.46961;5;0;5;7;6.46961
49980;0;0;0.796652;5.57656;4;0;4;6;5.57656
50040;0;0;0.90459;6.33213;2;0;2;7;6.33213
50100;0;0;0.702334;4.91634;2;0;2;6;4.91634
50160;0;0;0.388113;2.71679;1;0;1;4;2.71679
50220;0;0;0.772203;5.40542;4;0;4;7;5.40542
50280;1.64219;16.4219;1;7;6;0;6;7;7
50340;0.648294;7.77953;0.961288;6.72902;5;0;5;7;6.72902
50400;0.387292;11.6188;0.943608;6.60526;2;0;2;7;6.60526
50460;4.4521;53.4252;0.948275;6.63792;5;0;5;7;6.63792
50520;12.518;107.297;1;7;7;0;7;7;7
50580;0;0;1;7;0;0;0;7;7
50640;6.6428;66.428;1;7;6;0;6;7;7
50700;2.32358;46.4716;1;7;3;0;3;7;7
50760;1.32308;19.8461;1;7;4;0;4;7;7
50820;0.0347327;1.04198;0.993738;6.95617;2;0;2;7;6.95617
50880;0.214269;6.42806;0.9497;6.6479;2;0;2;7;6.6479
50940;0;0;0.570531;3.99372;3;0;3;6;3.99372
51000;2.62494;19.6871;0.886107;6.20275;8;0;8;7;6.20275
51060;7.23538;72.3538;1;7;6;0;6;7;7
51120;3.72684;55.9026;1;7;4;0;4;7;7
51180;9.25341;92.5341;1;7;6;0;6;7;7
51240;13.4137;134.137;1;7;6;0;6;7;7
51300;10.0792;151.187;1;7;4;0;4;7;7
51360;6.16583;123.317;1;7;3;0;3;7;7
51420;5.35617;107.123;1;7;3;0;3;7;7
51480;4.8226;72.339;1;7;4;0;4;7;7
51540;12.2761;122.761;1;7;6;0;6;7;7
51600;10.1215;151.822;1;7;4;0;4;7;7
51660;2.18445;131.067;1;7;1;0;1;7;7
51720;16.6371;124.778;1;7;8;0;8;7;7
51780;10.0615;150.922;1;7;4;0;4;7;7
51840;16.3739;163.739;1;7;6;0;6;7;7
51900;15.3445;153.445;1;7;6;0;6;7;7
51960;0;0;1;7;0;0;0;7;7
52020;9.82069;117.848;1;7;5;0;5;7;7
52080;17.3647;208.377;1;7;5;0;5;7;7
52140;17.715;265.725;1;7;4;0;4;7;7
52200;7.78885;233.665;1;7;2;0;2;7;7
52260;10.6198;212.396;1;7;3;0;3;7;7
52320;26.283;197.123;1;7;8;0;8;7;7
52380;6.69108;133.822;1;7;3;0;3;7;7
52440;0;0;1;7;0;0;0;7;7
52500;5.22917;104.583;1;7;3;0;3;7;7
52560;9.63065;82.5484;1;7;7;0;7;7;7
52620;6.93764;83.2517;1;7;5;0;5;7;7
52680;1.71948;34.3895;1;7;3;0;3;7;7
52740;11.2342;96.2931;1;7;7;0;7;7;7
52800;8.4325;126.487;1;7;4;0;4;7;7
52860;6.1446;184.338;1;7;2;0;2;7;7
52920;13.5705;162.847;1;7;5;0;5;7;7
52980;2.44392;146.635;1;7;1;0;1;7;7
53040;22.6906;170.18;1;7;8;0;8;7;7
53100;30.5716;305.716;1;7;6;0;6;7;7
53160;17.2626;345.252;1;7;3;0;3;7;7
53220;11.9491;358.474;1;7;2;0;2;7;7
53280;25.5365;306.438;1;7;5;0;5;7;7
53340;43.7571;328.178;1;7;8;0;8;7;7
53400;32.5057;325.057;1;7;6;0;6;7;7
53460;0;0;1;7;0;0;0;7;7
53520;8.14136;244.241;1;7;2;0;2;7;7
53580;15.2401;228.602;1;7;4;0;4;7;7
53640;18.5045;222.054;1;7;5;0;5;7;7
53700;11.78;235.6;1;7;3;0;3;7;7
53760;6.22818;186.846;1;7;2;0;2;7;7
53820;13.1929;197.894;1;7;4;0;4;7;7
53880;8.97768;179.554;1;7;3;0;3;7;7
53940;4.93216;147.965;1;7;2;0;2;7;7
54000;4.87135;97.4271;1;7;3;0;3;7;7
54060;13.0169;156.202;1;7;5;0;5;7;7
54120;6.39197;127.839;1;7;3;0;3;7;7
54180;9.15715;137.357;1;7;4;0;4;7;7
54240;5.24579;104.916;1;7;3;0;3;7;7
54300;4.71872;94.3744;1;7;3;0;3;7;7
54360;13.0264;111.655;1;7;7;0;7;7;7
54420;8.9282;133.923;1;7;4;0;4;7;7
54480;19.1413;143.56;1;7;8;0;8;7;7
54540;19.4092;232.91;1;7;5;0;5;7;7
54600;14.5351;218.027;1;7;4;0;4;7;7
54660;20.4524;204.524;1;7;6;0;6;7;7
54720;10.1664;203.328;1;7;3;0;3;7;7
54780;7.83027;156.605;1;7;3;0;3;7;7
54840;15.2854;152.854;1;7;6;0;6;7;7
54900;9.18245;183.649;1;7;3;0;3;7;7
54960;18.5133;185.133;1;7;6;0;6;7;7
55020;20.2536;243.043;1;7;5;0;5;7;7
55080;24.7744;247.744;1;7;6;0;6;7;7
55140;7.62511;228.753;1;7;2;0;2;7;7
55200;10.062;201.24;1;7;3;0;3;7;7
55260;19.9278;239.133;1;7;5;0;5;7;7
55320;32.2737;322.737;1;7;6;0;6;7;7
55380;15.1421;302.842;1;7;3;0;3;7;7
55440;19.9727;299.59;1;7;4;0;4;7;7
55500;13.4485;268.971;1;7;3;0;3;7;7
55560;12.3429;246.859;1;7;3;0;3;7;7
55620;7.5372;226.116;1;7;2;0;2;7;7
55680;12.7475;191.213;1;7;4;0;4;7;7
55740;15.5171;186.206;1;7;5;0;5;7;7
55800;2.62034;157.22;1;7;1;0;1;7;7
55860;7.13167;106.975;1;7;4;0;4;7;7
55920;17.6916;212.299;1;7;5;0;5;7;7
55980;19.6852;236.223;1;7;5;0;5;7;7
56040;31.4523;235.892;1;7;8;0;8;7;7
56100;17.0773;256.159;1;7;4;0;4;7;7
56160;9.20362;276.109;1;7;2;0;2;7;7
56220;10.4997;209.994;1;7;3;0;3;7;7
56280;13.8406;207.609;1;7;4;0;4;7;7
56340;19.27;192.7;1;7;6;0;6;7;7
56400;31.2062;267.482;1;7;7;0;7;7;7
56460;30.4479;365.375;1;7;5;0;5;7;7
56520;11.3429;340.286;1;7;2;0;2;7;7
56580;10.896;326.879;1;7;2;0;2;7;7
56640;26.049;312.588;1;7;5;0;5;7;7
56700;15.4162;308.325;1;7;3;0;3;7;7
56760;15.2316;304.633;1;7;3;0;3;7;7
56820;11.1811;223.622;1;7;3;0;3;7;7
56880;0;0;1;7;0;0;0;7;7
56940;4.85019;145.506;1;7;2;0;2;7;7
57000;5.69876;113.975;1;7;3;0;3;7;7
57060;0.875227;52.5136;1;7;1;0;1;7;7
57120;5.63848;67.6618;1;7;5;0;5;7;7
57180;1.60725;32.145;1;7;3;0;3;7;7
57240;1.0197;12.2364;0.959623;6.71736;5;0;5;7;6.71736
57300;4.83752;96.7505;1;7;3;0;3;7;7
57360;3.39774;67.9548;1;7;3;0;3;7;7
57420;0.624365;37.4619;1;7;1;0;1;7;7
57480;1.69164;33.8328;1;7;3;0;3;7;7
57540;2.48207;74.462;1;7;2;0;2;7;7
57600;0.179175;10.7505;1;7;1;0;1;7;7
57660;20.5075;136.717;1;7;9;0;9;7;7
57720;6.46315;193.895;1;7;2;0;2;7;7
57780;28.637;245.46;1;7;7;0;7;7;7
57840;7.3725;221.175;1;7;2;0;2;7;7
57900;18.137;217.644;1;7;5;0;5;7;7
57960;6.9578;208.734;1;7;2;0;2;7;7
58020;14.7366;221.05;1;7;4;0;4;7;7
58080;18.9751;227.701;1;7;5;0;5;7;7
58140;21.0759;252.911;1;7;5;0;5;7;7
58200;8.96624;268.987;1;7;2;0;2;7;7
58260;7.47925;224.378;1;7;2;0;2;7;7
58320;15.5754;186.905;1;7;5;0;5;7;7
58380;11.7397;176.096;1;7;4;0;4;7;7
58440;11.2433;134.92;1;7;5;0;5;7;7
58500;0;0;1;7;0;0;0;7;7
58560;3.52336;52.8503;1;7;4;0;4;7;7
58620;2.92219;58.4438;1;7;3;0;3;7;7
58680;2.08102;41.6204;1;7;3;0;3;7;7
58740;1.28168;38.4503;1;7;2;0;2;7;7
58800;0.264662;5.29324;0.89701;6.27907;3;0;3;7;6.27907
58860;0;0;0.895207;6.26645;1;0;1;7;6.26645
58920;0.199035;5.97104;0.791956;5.54369;2;0;2;7;5.54369
58980;0;0;0.576503;4.03552;5;0;5;7;4.03552
59040;0;0;0.480246;3.36172;1;0;1;6;3.36172
59100;0;0;0.36203;2.53421;2;0;2;3;2.53421
59160;0;0;0.557498;3.90248;4;0;4;5;3.90248
59220;0.547832;4.6957;0.88566;6.19962;7;0;7;7;6.19962
59280;1.1225;13.4699;0.937762;6.56434;5;0;5;7;6.56434
59340;0.0145589;0.291178;0.992984;6.95089;3;0;3;7;6.95089
59400;0;0;0.863486;6.0444;3;0;3;7;6.0444
59460;0;0;0.760914;5.3264;4;0;4;7;5.3264
59520;0;0;0.662127;4.63489;5;0;5;6;4.63489
59580;1.74183;20.902;0.959644;6.71751;5;0;5;7;6.71751
59640;4.6413;92.8261;1;7;3;0;3;7;7
59700;5.554;83.31;1;7;4;0;4;7;7
59760;18.1643;155.694;1;7;7;0;7;7;7
59820;26.2221;262.221;1;7;6;0;6;7;7
59880;13.5688;271.376;1;7;3;0;3;7;7
59940;20.2555;243.066;1;7;5;0;5;7;7
60000;10.139;304.169;1;7;2;0;2;7;7
60060;7.67991;230.397;1;7;2;0;2;7;7
60120;22.3938;223.938;1;7;6;0;6;7;7
60180;20.3752;244.503;1;7;5;0;5;7;7
60240;15.2496;228.744;1;7;4;0;4;7;7
60300;20.9461;209.461;1;7;6;0;6;7;7
60360;7.01263;210.379;1;7;2;0;2;7;7
60420;5.59728;167.918;1;7;2;0;2;7;7
60480;1.39133;83.4795;1;7;1;0;1;7;7
60540;6.49814;64.9814;1;7;6;0;6;7;7
60600;8.78934;105.472;1;7;5;0;5;7;7
60660;8.39861;125.979;1;7;4;0;4;7;7
60720;5.47426;109.485;1;7;3;0;3;7;7
60780;15.9493;136.708;1;7;7;0;7;7;7
60840;16.2504;139.289;1;7;7;0;7;7;7
60900;10.1507;121.808;1;7;5;0;5;7;7
60960;4.92417;98.4833;1;7;3;0;3;7;7
61020;9.21909;138.286;1;7;4;0;4;7;7
61080;6.70328;134.066;1;7;3;0;3;7;7
61140;8.25644;123.847;1;7;4;0;4;7;7
61200;3.22311;96.6934;1;7;2;0;2;7;7
61260;11.4084;97.7861;1;7;7;0;7;7;7
61320;12.7136;127.136;1;7;6;0;6;7;7
61380;12.1618;145.941;1;7;5;0;5;7;7
61440;13.3999;160.799;1;7;5;0;5;7;7
61500;2.32636;139.582;1;7;1;0;1;7;7
61560;9.99144;149.872;1;7;4;0;4;7;7
61620;9.63306;144.496;1;7;4;0;4;7;7
61680;11.0479;165.719;1;7;4;0;4;7;7
61740;6.12982;122.596;1;7;3;0;3;7;7
61800;7.08101;106.215;1;7;4;0;4;7;7
61860;11.0346;132.415;1;7;5;0;5;7;7
61920;6.44813;128.963;1;7;3;0;3;7;7
61980;2.08649;125.189;1;7;1;0;1;7;7
62040;6.52934;97.9401;1;7;4;0;4;7;7
62100;9.73135;116.776;1;7;5;0;5;7;7
62160;9.76689;146.503;1;7;4;0;4;7;7
62220;7.03088;140.618;1;7;3;0;3;7;7
62280;13.9057;139.057;1;7;6;0;6;7;7
62340;18.1877;181.877;1;7;6;0;6;7;7
62400;16.1691;242.537;1;7;4;0;4;7;7
62460;7.92347;237.704;1;7;2;0;2;7;7
62520;16.7469;200.963;1;7;5;0;5;7;7
62580;3.65435;219.261;1;7;1;0;1;7;7
62640;23.1104;198.089;1;7;7;0;7;7;7
62700;10.5612;211.223;1;7;3;0;3;7;7
62760;33.5139;251.355;1;7;8;0;8;7;7
62820;14.2131;284.261;1;7;3;0;3;7;7
62880;42.6783;320.087;1;7;8;0;8;7;7
62940;34.6874;416.249;1;7;5;0;5;7;7
63000;50.9809;436.979;1;7;7;0;7;7;7
63060;13.5134;405.403;1;7;2;0;2;7;7
63120;36.3668;363.668;1;7;6;0;6;7;7
63180;24.2174;363.261;1;7;4;0;4;7;7
63240;10.9237;327.712;1;7;2;0;2;7;7
63300;33.0529;330.529;1;7;6;0;6;7;7
63360;41.0423;351.791;1;7;7;0;7;7;7
63420;23.602;354.03;1;7;4;0;4;7;7
63480;21.6893;325.339;1;7;4;0;4;7;7
63540;9.96494;298.948;1;7;2;0;2;7;7
63600;4.37107;262.264;1;7;1;0;1;7;7
63660;7.00277;210.083;1;7;2;0;2;7;7
63720;16.0737;192.885;1;7;5;0;5;7;7
63780;12.8933;193.399;1;7;4;0;4;7;7
63840;2.43348;146.009;1;7;1;0;1;7;7
63900;6.67888;100.183;1;7;4;0;4;7;7
63960;7.85272;117.791;1;7;4;0;4;7;7
64020;6.49458;97.4187;1;7;4;0;4;7;7
64080;3.63573;109.072;1;7;2;0;2;7;7
64140;5.32714;79.9071;1;7;4;0;4;7;7
64200;2.46439;36.9659;1;7;4;0;4;7;7
64260;0.417485;12.5246;1;7;2;0;2;7;7
64320;0.1185;7.11002;0.799805;5.59864;1;0;1;7;5.59864
64380;0;0;0.562255;3.93578;4;0;4;5;3.93578
64440;0;0;0.545318;3.81722;3;0;3;5;3.81722
64500;0;0;0.867898;6.07529;5;0;5;7;6.07529
64560;0;0;0.941931;6.59352;2;0;2;7;6.59352
64620;0.446306;5.35567;0.98663;6.90641;5;0;5;7;6.90641
64680;1.42821;17.1385;1;7;5;0;5;7;7
64740;3.29459;21.964;0.989745;6.92821;9;0;9;7;6.92821
64800;11.7029;117.029;1;7;6;0;6;7;7
64860;9.69342;116.321;1;7;5;0;5;7;7
64920;2.8204;84.6119;1;7;2;0;2;7;7
64980;5.76964;69.2357;1;7;5;0;5;7;7
65040;0.880947;52.8568;1;7;1;0;1;7;7
65100;0.195771;2.34925;0.928472;6.4993;5;0;5;7;6.4993
65160;0.0618018;1.85405;0.923358;6.4635;2;0;2;7;6.4635
65220;0;0;0.924085;6.46859;2;0;2;7;6.46859
65280;1.23335;18.5002;0.994536;6.96175;4;0;4;7;6.96175
65340;8.06246;80.6246;1;7;6;0;6;7;7
65400;2.13934;128.36;1;7;1;0;1;7;7
65460;28.5149;190.099;1;7;9;0;9;7;7
65520;17.7696;266.544;1;7;4;0;4;7;7
65580;30.8146;264.125;1;7;7;0;7;7;7
65640;15.2557;228.835;1;7;4;0;4;7;7
65700;11.3417;226.834;1;7;3;0;3;7;7
65760;27.4725;206.044;1;7;8;0;8;7;7
65820;13.6978;205.467;1;7;4;0;4;7;7
65880;7.63576;152.715;1;7;3;0;3;7;7
65940;23.7714;178.285;1;7;8;0;8;7;7
66000;6.72762;201.828;1;7;2;0;2;7;7
66060;7.89928;157.986;1;7;3;0;3;7;7
66120;11.792;117.92;1;7;6;0;6;7;7
66180;8.79608;131.941;1;7;4;0;4;7;7
66240;7.35794;110.369;1;7;4;0;4;7;7
66300;16.7673;167.673;1;7;6;0;6;7;7
66360;8.64906;172.981;1;7;3;0;3;7;7
66420;13.1129;196.694;1;7;4;0;4;7;7
66480;4.74298;142.289;1;7;2;0;2;7;7
66540;8.9019;133.528;1;7;4;0;4;7;7
66600;0;0;1;7;0;0;0;7;7
66660;3.06839;61.3678;1;7;3;0;3;7;7
66720;1.47094;29.4187;1;7;3;0;3;7;7
66780;0;0;0.887429;6.212;1;0;1;7;6.212
66840;0;0;0.607534;4.25274;1;0;1;6;4.25274
66900;0;0;0.77819;5.44733;3;0;3;7;5.44733
66960;0;0;0.604471;4.2313;0;0;0;6;4.2313
67020;0;0;0.54721;3.83047;3;0;3;6;3.83047
67080;0;0;0.588514;4.1196;4;0;4;6;4.1196
67140;0;0;0.719743;5.0382;1;0;1;6;5.0382
67200;0;0;0.687543;4.8128;4;0;4;6;4.8128
67260;0;0;0.649902;4.54931;1;0;1;5;4.54931
67320;0;0;0.54768;3.83376;1;0;1;4;3.83376
67380;0.986792;7.40094;0.931038;6.51726;8;0;8;7;6.51726
67440;7.33889;55.0416;1;7;8;0;8;7;7
67500;2.99302;89.7906;1;7;2;0;2;7;7
67560;4.34625;37.2535;1;7;7;0;7;7;7
67620;5.99759;59.9759;1;7;6;0;6;7;7
67680;6.74754;101.213;1;7;4;0;4;7;7
67740;5.8892;117.784;1;7;3;0;3;7;7
67800;14.4077;144.077;1;7;6;0;6;7;7
67860;22.8891;171.668;1;7;8;0;8;7;7
67920;19.8654;198.654;1;7;6;0;6;7;7
67980;15.3821;230.732;1;7;4;0;4;7;7
68040;16.9649;254.474;1;7;4;0;4;7;7
68100;6.18127;185.438;1;7;2;0;2;7;7
68160;10.0326;150.489;1;7;4;0;4;7;7
68220;11.778;141.336;1;7;5;0;5;7;7
68280;25.2143;189.108;1;7;8;0;8;7;7
68340;31.1395;266.91;1;7;7;0;7;7;7
68400;27.6935;276.935;1;7;6;0;6;7;7
68460;23;276;1;7;5;0;5;7;7
68520;19.6042;294.063;1;7;4;0;4;7;7
68580;36.8667;368.667;1;7;6;0;6;7;7
68640;38.6277;386.277;1;7;6;0;6;7;7
68700;12.0369;361.106;1;7;2;0;2;7;7
68760;23.1668;347.502;1;7;4;0;4;7;7
68820;21.8473;327.709;1;7;4;0;4;7;7
68880;20.2682;304.022;1;7;4;0;4;7;7
68940;38.2258;327.65;1;7;7;0;7;7;7
69000;15.0215;300.43;1;7;3;0;3;7;7
69060;9.40301;282.09;1;7;2;0;2;7;7
69120;11.5702;231.403;1;7;3;0;3;7;7
69180;11.3882;227.764;1;7;3;0;3;7;7
69240;9.86209;197.242;1;7;3;0;3;7;7
69300;23.6779;236.779;1;7;6;0;6;7;7
69360;7.94075;238.222;1;7;2;0;2;7;7
69420;6.36346;190.904;1;7;2;0;2;7;7
69480;11.9889;179.833;1;7;4;0;4;7;7
69540;11.2479;168.718;1;7;4;0;4;7;7
69600;13.7059;205.588;1;7;4;0;4;7;7
69660;22.0906;220.906;1;7;6;0;6;7;7
69720;28.7058;246.049;1;7;7;0;7;7;7
69780;12.7714;255.429;1;7;3;0;3;7;7
69840;7.91047;237.314;1;7;2;0;2;7;7
69900;12.3055;184.582;1;7;4;0;4;7;7
69960;24.7862;212.453;1;7;7;0;7;7;7
70020;14.9685;224.528;1;7;4;0;4;7;7
70080;17.0073;204.088;1;7;5;0;5;7;7
70140;0;0;1;7;0;0;0;7;7
70200;8.70044;130.507;1;7;4;0;4;7;7
70260;4.90293;98.0586;1;7;3;0;3;7;7
70320;4.12727;82.5454;1;7;3;0;3;7;7
70380;5.80006;87.0008;1;7;4;0;4;7;7
70440;8.5307;63.9802;1;7;8;0;8;7;7
70500;5.26782;79.0173;1;7;4;0;4;7;7
70560;12.0833;103.571;1;7;7;0;7;7;7
70620;2.63531;79.0592;1;7;2;0;2;7;7
70680;1.11315;33.3945;1;7;2;0;2;7;7
70740;0;0;0.89817;6.28719;2;0;2;7;6.28719
70800;0.803564;9.64277;0.962876;6.74013;5;0;5;7;6.74013
70860;4.24698;42.4698;1;7;6;0;6;7;7
70920;1.35268;20.2902;1;7;4;0;4;7;7
70980;2.99568;35.9481;1;7;5;0;5;7;7
71040;1.71723;34.3445;1;7;3;0;3;7;7
71100;1.02133;15.3199;0.964156;6.74909;4;0;4;7;6.74909
71160;1.01551;15.2326;1;7;4;0;4;7;7
71220;0.983605;14.7541;1;7;4;0;4;7;7
71280;0.392256;5.88384;0.933834;6.53684;4;0;4;7;6.53684
71340;0.517734;10.3547;0.961491;6.73044;3;0;3;7;6.73044
71400;0;0;0.861379;6.02965;1;0;1;7;6.02965
71460;0;0;0.74058;5.18406;2;0;2;6;5.18406
71520;0;0;0.457478;3.20235;4;0;4;5;3.20235
71580;1.453;12.4543;0.983172;6.88221;7;0;7;7;6.88221
71640;0.184149;2.20979;0.981217;6.86852;5;0;5;7;6.86852
71700;0.128054;1.92081;0.939459;6.57621;4;0;4;7;6.57621
71760;0.295235;2.95235;0.853307;5.97315;6;0;6;7;5.97315
71820;0.0966891;2.90067;0.965884;6.76119;2;0;2;7;6.76119
71880;0.709989;14.1998;1;7;3;0;3;7;7
71940;0.0309697;0.619395;0.853476;5.97433;3;0;3;7;5.97433
72000;1.48393;12.7194;0.78786;5.51502;7;0;7;7;5.51502
72060;0.917821;13.7673;1;7;4;0;4;7;7
72120;1.65717;33.1435;0.999605;6.99724;3;0;3;7;6.99724
72180;0.169445;3.38891;0.826658;5.78661;3;0;3;7;5.78661
72240;0;0;0.744058;5.2084;4;0;4;7;5.2084
72300;0.0475151;0.712726;0.912073;6.38451;4;0;4;7;6.38451
72360;0.130754;1.96131;0.979617;6.85732;4;0;4;7;6.85732
72420;8.00644;96.0773;1;7;5;0;5;7;7
72480;1.91118;114.671;1;7;1;0;1;7;7
72540;2.47217;49.4434;1;7;3;0;3;7;7
72600;2.13477;25.6173;0.996973;6.97881;5;0;5;7;6.97881
72660;7.45094;63.8652;1;7;7;0;7;7;7
72720;2.92838;58.5675;1;7;3;0;3;7;7
72780;10.1255;75.9412;1;7;8;0;8;7;7
72840;4.8681;146.043;1;7;2;0;2;7;7
72900;10.1266;121.519;1;7;5;0;5;7;7
72960;2.68544;80.5632;1;7;2;0;2;7;7
73020;10.4838;89.8614;1;7;7;0;7;7;7
73080;10.6931;91.6549;1;7;7;0;7;7;7
73140;1.47915;88.7493;1;7;1;0;1;7;7
73200;8.28574;82.8574;1;7;6;0;6;7;7
73260;7.02131;105.32;1;7;4;0;4;7;7
73320;1.06834;64.1003;1;7;1;0;1;7;7
73380;6.96119;59.6674;1;7;7;0;7;7;7
73440;9.41821;113.019;1;7;5;0;5;7;7
73500;11.5233;115.233;1;7;6;0;6;7;7
73560;11.2855;135.425;1;7;5;0;5;7;7
73620;7.179;143.58;1;7;3;0;3;7;7
73680;12.178;146.136;1;7;5;0;5;7;7
73740;4.4107;132.321;1;7;2;0;2;7;7
73800;1.78344;53.5031;1;7;2;0;2;7;7
73860;2.21837;26.6204;1;7;5;0;5;7;7
73920;1.25763;37.7288;1;7;2;0;2;7;7
73980;0;0;0.797193;5.58035;3;0;3;7;5.58035
74040;1.03159;20.6318;0.944153;6.60907;3;0;3;7;6.60907
74100;0.129062;2.58123;0.983807;6.88665;3;0;3;7;6.88665
74160;1.53096;18.3715;0.897378;6.28165;5;0;5;7;6.28165
74220;0.0860071;5.16043;1;7;1;0;1;7;7
74280;7.05286;70.5286;1;7;6;0;6;7;7
74340;1.30282;78.1689;1;7;1;0;1;7;7
74400;6.44556;64.4556;1;7;6;0;6;7;7
74460;1.72644;51.7931;1;7;2;0;2;7;7
74520;0.530975;15.9292;1;7;2;0;2;7;7
74580;1.30144;26.0288;1;7;3;0;3;7;7
74640;0.874764;17.4953;0.977944;6.8456;3;0;3;7;6.8456
74700;0;0;0.891636;6.24145;3;0;3;7;6.24145
74760;0.5127;7.6905;0.973125;6.81188;4;0;4;7;6.81188
74820;0;0;0.845018;5.91512;2;0;2;7;5.91512
74880;0.333938;4.00725;0.884957;6.1947;5;0;5;7;6.1947
74940;9.64755;57.8853;1;7;10;0;10;7;7
75000;19.6627;147.471;1;7;8;0;8;7;7
75060;2.28624;137.175;1;7;1;0;1;7;7
75120;9.60787;115.294;1;7;5;0;5;7;7
75180;11.1689;134.027;1;7;5;0;5;7;7
75240;1.1495;68.9698;1;7;1;0;1;7;7
75300;5.43059;65.1671;1;7;5;0;5;7;7
75360;8.47454;101.694;1;7;5;0;5;7;7
75420;7.2852;87.4224;1;7;5;0;5;7;7
75480;7.64373;114.656;1;7;4;0;4;7;7
75540;2.72367;54.4735;1;7;3;0;3;7;7
75600;7.48773;74.8773;1;7;6;0;6;7;7
75660;2.82129;56.4259;1;7;3;0;3;7;7
75720;6.83757;68.3757;1;7;6;0;6;7;7
75780;4.26772;85.3544;1;7;3;0;3;7;7
75840;7.10957;106.644;1;7;4;0;4;7;7
75900;1.8745;112.47;1;7;1;0;1;7;7
75960;4.765;71.4751;1;7;4;0;4;7;7
76020;3.07025;61.4049;1;7;3;0;3;7;7
76080;1.91038;22.9246;1;7;5;0;5;7;7
76140;1.61092;19.331;1;7;5;0;5;7;7
76200;0;0;0.601443;4.2101;3;0;3;7;4.2101
76260;0.268873;2.68873;0.820912;5.74639;6;0;6;7;5.74639
76320;1.20986;10.3702;0.99468;6.96276;7;0;7;7;6.96276
76380;0.360111;10.8033;1;7;2;0;2;7;7
76440;1.9333;38.666;1;7;3;0;3;7;7
76500;0.81986;24.5958;0.997227;6.98059;2;0;2;7;6.98059
76560;0.115421;1.73132;0.891943;6.2436;4;0;4;7;6.2436
76620;0.942799;18.856;1;7;3;0;3;7;7
76680;0;0;0.98726;6.91082;0;0;0;7;6.91082
76740;0.483757;4.14649;0.978038;6.84627;7;0;7;7;6.84627
76800;0;0;0.826434;5.78504;1;0;1;7;5.78504
76860;1.79464;17.9464;0.879173;6.15421;6;0;6;7;6.15421
76920;0.328379;19.7028;1;7;1;0;1;7;7
76980;1.34925;13.4925;0.954211;6.67948;6;0;6;7;6.67948
77040;0.0133881;0.160657;0.863788;6.04651;5;0;5;7;6.04651
77100;0;0;0.735008;5.14506;2;0;2;7;5.14506
77160;0;0;0.747282;5.23098;4;0;4;6;5.23098
77220;0;0;0.793313;5.55319;3;0;3;7;5.55319
77280;0;0;0.722677;5.05874;7;0;7;7;5.05874
77340;0;0;0.7017;4.9119;1;0;1;6;4.9119
77400;0;0;0.599456;4.19619;5;0;5;6;4.19619
77460;7.08557;60.7334;0.99924;6.99468;7;0;7;7;6.99468
77520;4.72451;94.4901;1;7;3;0;3;7;7
77580;6.29954;62.9954;1;7;6;0;6;7;7
77640;1.76734;35.3468;1;7;3;0;3;7;7
77700;0.23576;4.71521;0.823776;5.76644;3;0;3;7;5.76644
77760;0;0;0.841088;5.88762;4;0;4;7;5.88762
77820;0.532393;4.56337;0.942192;6.59534;7;0;7;7;6.59534
77880;0.673015;13.4603;0.996505;6.97553;3;0;3;7;6.97553
77940;0.366159;4.39391;0.954128;6.6789;5;0;5;7;6.6789
78000;1.68873;25.3309;1;7;4;0;4;7;7
78060;3.0348;26.0126;1;7;7;0;7;7;7
78120;3.56787;42.8144;1;7;5;0;5;7;7
78180;3.19661;47.9492;1;7;4;0;4;7;7
78240;9.99852;99.9852;1;7;6;0;6;7;7
78300;4.58333;137.5;1;7;2;0;2;7;7
78360;30.6298;204.199;1;7;9;0;9;7;7
78420;41.6609;312.457;1;7;8;0;8;7;7
78480;33.3818;333.818;1;7;6;0;6;7;7
78540;5.1146;306.876;1;7;1;0;1;7;7
78600;37.2627;372.627;1;7;6;0;6;7;7
78660;26.9418;404.127;1;7;4;0;4;7;7
78720;19.0751;381.502;1;7;3;0;3;7;7
78780;18.8873;377.746;1;7;3;0;3;7;7
78840;49.7241;426.207;1;7;7;0;7;7;7
78900;19.4527;389.053;1;7;3;0;3;7;7
78960;25.3133;379.7;1;7;4;0;4;7;7
79020;55.9269;479.373;1;7;7;0;7;7;7
79080;25.6479;512.959;1;7;3;0;3;7;7
79140;15.7974;473.923;1;7;2;0;2;7;7
79200;39.863;478.356;1;7;5;0;5;7;7
79260;31.7753;476.63;1;7;4;0;4;7;7
79320;15.7972;473.915;1;7;2;0;2;7;7
79380;6.97799;418.679;1;7;1;0;1;7;7
79440;17.6945;353.89;1;7;3;0;3;7;7
79500;10.5791;317.374;1;7;2;0;2;7;7
79560;14.1888;283.776;1;7;3;0;3;7;7
79620;8.23347;247.004;1;7;2;0;2;7;7
79680;19.5062;234.075;1;7;5;0;5;7;7
79740;44.7792;298.528;1;7;9;0;9;7;7
79800;23.972;359.58;1;7;4;0;4;7;7
79860;25.1077;376.616;1;7;4;0;4;7;7
79920;34.0827;408.992;1;7;5;0;5;7;7
79980;45.2204;387.604;1;7;7;0;7;7;7
80040;42.8765;428.765;1;7;6;0;6;7;7
80100;28.5169;427.754;1;7;4;0;4;7;7
80160;26.9239;403.859;1;7;4;0;4;7;7
80220;21.0367;420.734;1;7;3;0;3;7;7
80280;14.6661;439.984;1;7;2;0;2;7;7
80340;13.5606;406.818;1;7;2;0;2;7;7
80400;24.6741;370.112;1;7;4;0;4;7;7
80460;48.5309;415.979;1;7;7;0;7;7;7
80520;47.6809;408.693;1;7;7;0;7;7;7
80580;29.0388;435.582;1;7;4;0;4;7;7
80640;13.3321;399.962;1;7;2;0;2;7;7
80700;21.1964;423.927;1;7;3;0;3;7;7
80760;27.4318;411.478;1;7;4;0;4;7;7
80820;19.6758;393.516;1;7;3;0;3;7;7
80880;12.5548;376.645;1;7;2;0;2;7;7
80940;11.6577;349.732;1;7;2;0;2;7;7
81000;26.3791;316.55;1;7;5;0;5;7;7
81060;17.8248;356.497;1;7;3;0;3;7;7
81120;10.5818;317.453;1;7;2;0;2;7;7
81180;13.8114;276.228;1;7;3;0;3;7;7
81240;4.16132;249.679;1;7;1;0;1;7;7
81300;10.0694;201.388;1;7;3;0;3;7;7
81360;15.1406;181.687;1;7;5;0;5;7;7
81420;2.05158;123.095;1;7;1;0;1;7;7
81480;6.84945;102.742;1;7;4;0;4;7;7
81540;2.27312;68.1936;1;7;2;0;2;7;7
81600;7.73194;115.979;1;7;4;0;4;7;7
81660;7.03285;140.657;1;7;3;0;3;7;7
81720;3.62421;108.726;1;7;2;0;2;7;7
81780;8.28316;99.3979;1;7;5;0;5;7;7
81840;5.67868;113.574;1;7;3;0;3;7;7
81900;16.8698;126.524;1;7;8;0;8;7;7
81960;19.1988;164.561;1;7;7;0;7;7;7
82020;12.5682;188.523;1;7;4;0;4;7;7
82080;6.13496;184.049;1;7;2;0;2;7;7
82140;3.88638;116.591;1;7;2;0;2;7;7
82200;3.44469;103.341;1;7;2;0;2;7;7
82260;4.11244;82.2488;1;7;3;0;3;7;7
82320;5.70683;114.137;1;7;3;0;3;7;7
82380;6.71903;100.785;1;7;4;0;4;7;7
82440;8.39524;125.929;1;7;4;0;4;7;7
82500;2.42202;145.321;1;7;1;0;1;7;7
82560;17.1606;128.704;1;7;8;0;8;7;7
82620;12.9955;155.946;1;7;5;0;5;7;7
82680;2.77827;166.696;1;7;1;0;1;7;7
82740;4.72448;141.734;1;7;2;0;2;7;7
82800;14.7464;147.464;1;7;6;0;6;7;7
82860;0;0;1;7;0;0;0;7;7
82920;0.939351;56.361;1;7;1;0;1;7;7
82980;14.264;106.98;1;7;8;0;8;7;7
83040;16.5877;165.877;1;7;6;0;6;7;7
83100;12.1791;182.686;1;7;4;0;4;7;7
83160;14.6031;175.237;1;7;5;0;5;7;7
83220;7.87607;157.521;1;7;3;0;3;7;7
83280;7.67871;153.574;1;7;3;0;3;7;7
83340;3.6059;108.177;1;7;2;0;2;7;7
83400;5.15653;77.348;1;7;4;0;4;7;7
83460;9.98996;85.6282;1;7;7;0;7;7;7
83520;3.19904;95.9713;1;7;2;0;2;7;7
83580;0.958314;57.4989;1;7;1;0;1;7;7
83640;0;0;0.940055;6.58039;1;0;1;7;6.58039
83700;1.13531;17.0296;0.930968;6.51678;4;0;4;7;6.51678
83760;0;0;0.510319;3.57223;2;0;2;5;3.57223
83820;0;0;0.739328;5.1753;5;0;5;6;5.1753
83880;0;0;0.718172;5.0272;4;0;4;6;5.0272
83940;0;0;0.622186;4.3553;4;0;4;7;4.3553
84000;0;0;0.664368;4.65058;4;0;4;6;4.65058
84060;1.06836;12.8203;0.879689;6.15783;5;0;5;7;6.15783
84120;3.32561;39.9074;1;7;5;0;5;7;7
84180;1.69671;33.9342;0.991411;6.93988;3;0;3;7;6.93988
84240;0.845657;12.6849;0.982969;6.88078;4;0;4;7;6.88078
84300;0.404082;4.84898;0.980167;6.86117;5;0;5;7;6.86117
84360;7.15897;71.5897;1;7;6;0;6;7;7
84420;3.56078;106.823;1;7;2;0;2;7;7
84480;2.95359;88.6076;1;7;2;0;2;7;7
84540;4.32248;86.4496;1;7;3;0;3;7;7
84600;2.21085;44.2171;1;7;3;0;3;7;7
84660;2.56843;38.5265;1;7;4;0;4;7;7
84720;1.15421;23.0841;1;7;3;0;3;7;7
84780;0.140644;4.21931;0.929513;6.50659;2;0;2;7;6.50659
84840;0;0;0.65007;4.55049;2;0;2;5;4.55049
84900;0;0;0.604509;4.23157;3;0;3;5;4.23157
84960;1.72532;17.2532;0.918133;6.42693;6;0;6;7;6.42693
85020;2.61555;39.2333;1;7;4;0;4;7;7
85080;0;0;0.674347;4.72043;1;0;1;7;4.72043
85140;0;0;0.492585;3.44809;5;0;5;5;3.44809
85200;1.91609;14.3707;0.8889;6.2223;8;0;8;7;6.2223
85260;3.48016;52.2023;1;7;4;0;4;7;7
85320;4.53673;90.7346;1;7;3;0;3;7;7
85380;25.1396;125.698;1;7;12;0;12;7;7
85440;20.1698;242.037;1;7;5;0;5;7;7
85500;33.3626;250.219;1;7;8;0;8;7;7
85560;10.225;306.75;1;7;2;0;2;7;7
85620;24.6961;296.353;1;7;5;0;5;7;7
85680;8.87624;266.287;1;7;2;0;2;7;7
85740;13.1973;263.946;1;7;3;0;3;7;7
85800;11.0204;220.408;1;7;3;0;3;7;7
85860;9.92117;198.423;1;7;3;0;3;7;7
85920;13.1349;197.023;1;7;5;0;4;7;7
85980;32.3575;242.681;1;7;8;0;8;7;7
86040;10.8235;216.471;1;7;4;0;3;7;7
86100;2.82087;169.252;0.947996;6.63597;5;0;1;7;6.63597
86160;0;0;0.857143;6;2;0;0;7;6
86220;0;0;0.857143;6;2;0;0;7;6
86280;0;0;0.645909;4.52137;5;0;0;7;4.52137
86340;0;0;0.166021;1.16215;4;0;0;7;1.16215
